Districts,R1(left),R1(right),R2,R3,R4,R5,R6,R7,R8,R9(left),R9(right)
Aldine,0.00,0.12,0.00,0.00,0.00,0.00,0.00,0.00,0.00,0.19,0.47
Cypress-Fairbanks,0.02,0.00,0.00,0.00,0.00,0.00,0.00,0.00,0.13,0.62,0.00
Houston,0.79,0.86,0.02,0.46,0.95,0.10,0.73,0.50,0.10,0.09,0.00
Spring_Branch,0.19,0.00,0.00,0.00,0.00,0.00,0.00,0.00,0.31,0.00,0.00
Galena_Park,0.00,0.02,0.00,0.36,0.00,0.00,0.00,0.00,0.00,0.00,0.00
Conroe,0.00,0.00,0.02,0.00,0.00,0.00,0.00,0.00,0.00,0.00,0.00
Crosby,0.00,0.00,0.09,0.00,0.00,0.00,0.00,0.00,0.00,0.00,0.00
Huffman,0.00,0.00,0.06,0.00,0.00,0.00,0.00,0.00,0.00,0.00,0.00
Humble,0.00,0.00,0.51,0.00,0.00,0.00,0.00,0.00,0.00,0.00,0.21
New_Caney,0.00,0.00,0.16,0.00,0.00,0.00,0.00,0.00,0.00,0.00,0.00
Sheldon,0.00,0.00,0.14,0.15,0.00,0.00,0.00,0.00,0.00,0.00,0.01
Channelview,0.00,0.00,0.00,0.03,0.00,0.00,0.00,0.00,0.00,0.00,0.00
Pasadena,0.00,0.00,0.00,0.00,0.05,0.51,0.00,0.00,0.00,0.00,0.00
Clear_Creek,0.00,0.00,0.00,0.00,0.00,0.39,0.00,0.00,0.00,0.00,0.00
Fort_Bend,0.00,0.00,0.00,0.00,0.00,0.00,0.27,0.13,0.00,0.00,0.00
Stafford_Municipal_School_District,0.00,0.00,0.00,0.00,0.00,0.00,0.00,0.03,0.00,0.00,0.00
Alief,0.00,0.00,0.00,0.00,0.00,0.00,0.00,0.34,0.00,0.00,0.00
Katy,0.00,0.00,0.00,0.00,0.00,0.00,0.00,0.00,0.46,0.00,0.00
Klein,0.00,0.00,0.00,0.00,0.00,0.00,0.00,0.00,0.00,0.08,0.00
Tomball,0.00,0.00,0.00,0.00,0.00,0.00,0.00,0.00,0.00,0.02,0.00
Spring,0.00,0.00,0.00,0.00,0.00,0.00,0.00,0.00,0.00,0.00,0.31
