Districts,1,2,3,4,5,6
Dallas,0.05,0.84,0.52,0.27,0.1,0.58
Forney,0.0,0.0,0.0,0.0,0.0,0.15
Garland,0.54,0.0,0.0,0.0,0.0,0.01
Mesquite,0.11,0.0,0.0,0.0,0.0,0.22
Plano,0.0,0.0,0.0,0.0,0.12,0.0
Richardson,0.15,0.07,0.0,0.0,0.16,0.0
Rockwall,0.03,0.0,0.0,0.0,0.0,0.01
Sunnyvale,0.01,0.0,0.0,0.0,0.0,0.0
Wylie,0.1,0.0,0.0,0.0,0.0,0.0
Carrollton_Farmers_Branch,0.0,0.01,0.0,0.0,0.2,0.0
Highland_Park,0.0,0.09,0.0,0.0,0.0,0.0
Irving,0.0,0.0,0.24,0.0,0.11,0.0
Arlington,0.0,0.0,0.03,0.04,0.0,0.0
Duncanville,0.0,0.0,0.0,0.14,0.0,0.0
Grand_Prairie,0.0,0.0,0.19,0.1,0.0,0.0
Grapevine_Colleyville,0.0,0.0,0.0,0.0,0.06,0.0
Hurst_Euless_Bedford,0.0,0.0,0.01,0.0,0.0,0.0
Cedar_Hill,0.0,0.0,0.0,0.09,0.0,0.0
DeSoto,0.0,0.0,0.0,0.09,0.0,0.0
Ferris,0.0,0.0,0.0,0.02,0.0,0.01
Lancaster,0.0,0.0,0.0,0.06,0.0,0.0
Mansfield,0.0,0.0,0.0,0.05,0.0,0.0
Midlothian,0.0,0.0,0.0,0.08,0.0,0.0
Red_Oak,0.0,0.0,0.0,0.06,0.0,0.0
Coppell,0.0,0.0,0.0,0.0,0.07,0.0
Lewisville,0.0,0.0,0.0,0.0,0.17,0.0
Crandall,0.0,0.0,0.0,0.0,0.0,0.02
